<?xml version='1.0'?>
<home version='6000' exportFlags='27' name='Example1.sh3d' structure='HomeStructure/Home.obj' camera='observerCamera'>
  <environment groundColor='00A8A8A8' skyColor='00CCE4FC' lightColor='00D0D0D0'/>
  <observerCamera attribute='observerCamera' lens='PINHOLE' x='493.78418' y='368.4585' z='170.0' yaw='-4.819838' pitch='0.15134944' fieldOfView='1.0995575' time='1551268800000'/>
  <camera attribute='topCamera' lens='PINHOLE' x='49.999912' y='1050.0' z='1010.0' yaw='3.1415927' pitch='0.7853982' fieldOfView='1.0995575' time='1551268800000'/>
  <doorOrWindow catalogId='eTeks#door' name='Door' creator='eTeks' model='1/model.obj' x='648.91327' y='353.2793' angle='4.712389' width='91.44' depth='14.839428' height='208.28' movable='false'/>
  <pieceOfFurniture catalogId='eTeks#bed' name='Bed' creator='eTeks' model='3/model.obj' x='495.66254' y='213.88922' width='144.4625' depth='193.04' height='52.704998'/>
  <doorOrWindow catalogId='eTeks#doorFrame' name='Door frame' creator='eTeks' model='5/model.obj' x='181.51262' y='305.27924' angle='4.712389' width='91.44' depth='9.678149' height='208.28' movable='false'/>
  <doorOrWindow catalogId='eTeks#sliderWindow126x200' name='Slider window' creator='eTeks' model='7/model.obj' x='646.0655' y='195.59918' elevation='10.795' angle='1.5707964' width='132.08' depth='8.1297655' height='209.8675' movable='false'/>
  <light catalogId='eTeks#wallUplight' name='Wall uplight' creator='eTeks' model='9/model.obj' x='623.5' y='123.40172' elevation='165.09999' width='24.13' depth='12.065' height='26.035'/>
  <light catalogId='eTeks#wallUplight' name='Wall uplight' creator='eTeks' model='9/model.obj' x='371.43494' y='123.40172' elevation='165.09999' width='24.13' depth='12.065' height='26.035'/>
  <light catalogId='eTeks#blueLightSource' name='Blue light source' creator='eTeks' model='11/model.obj' x='376.5' y='274.55923' elevation='220.0275' width='9.8425' depth='9.8425' height='9.8425' deformable='false' texturable='false'/>
  <pieceOfFurniture catalogId='eTeks#armchair2' name='Armchair' creator='eTeks' model='14/model.obj' x='266.485' y='384.19672' angle='3.926991' width='93.979996' depth='81.28' height='77.1525'/>
  <pieceOfFurniture catalogId='eTeks#bookcase' name='Bookcase' creator='eTeks' model='16/model.obj' x='205.3125' y='173.37172' angle='4.712389' width='100.33' depth='40.005' height='210.81999'/>
  <pieceOfFurniture catalogId='eTeks#shower' name='Shower' creator='eTeks' model='18/model.obj' x='101.48999' y='161.65923' angle='1.5707963' width='76.2' depth='152.4' height='210.81999' movable='false'/>
  <pieceOfFurniture catalogId='Blend Swap CC-BY#toilets_unit_jay_hardy' name='Toilets unit' creator='Jay-Artist' model='20/toilets_unit_jay_hardy.obj' x='44.816223' y='266.1842' angle='4.712389' width='41.274998' depth='54.2925' height='76.5175' movable='false'/>
  <pieceOfFurniture catalogId='Blend Swap CC-BY#washbasin_jay_hardy' name='Washbasin' creator='Jay-Artist' model='22/washbasin_jay_hardy.obj' x='39.25998' y='381.39923' angle='4.712389' width='59.69' depth='43.18' height='86.6775' movable='false'/>
  <pieceOfFurniture catalogId='Blend Swap CC-BY#luckyBamboo' name='Bamboo' creator='Renderbob' model='24/luckyBamboo.obj' x='399.25' y='124.83047' elevation='47.9425' width='15.5575' depth='14.9225' height='33.9725'/>
  <pieceOfFurniture catalogId='Blend Swap CC-BY#luckyBamboo' name='Bamboo' creator='Renderbob' model='24/luckyBamboo.obj' x='593.25' y='124.83047' elevation='47.9425' width='15.5575' depth='14.9225' height='33.9725'/>
  <pieceOfFurniture catalogId='eTeks#fireplace' name='Fireplace' creator='eTeks' model='26/model.obj' x='498.04877' y='430.42422' angle='3.1415927' width='145.0975' depth='85.09' height='249.8725' movable='false'/>
  <pieceOfFurniture catalogId='Blend Swap CC-BY#bedsideTable' name='Bedside table' creator='SirOccor' model='28/bedsideTable.obj' x='398.50754' y='138.00671' width='49.8475' depth='41.274998' height='47.9425'/>
  <pieceOfFurniture catalogId='Blend Swap CC-BY#bedsideTable' name='Bedside table' creator='SirOccor' model='28/bedsideTable.obj' x='592.8175' y='138.00671' width='49.8475' depth='41.274998' height='47.9425'/>
  <pieceOfFurniture catalogId='eTeks#frame' name='Frame' creator='eTeks' model='30/frame.obj' x='495.3037' y='118.63921' elevation='149.86' width='111.759995' depth='2.54' height='34.925'/>
</home>